env,tool,job,dataset,dataset_percent,wall_seconds,precisione_s,marcatore_parzialmente_coperto,spark_calcolo_parziale_s,input_bytes,ripetizioni,cluster,versione_codice,fonte
aws_legacy,spark-core,job_1,flights_1,1,31.87,0.015,False,1.61,1964580,1,"AWS EMR, 1 primary + 2 core m5.xlarge",precedente alle correzioni (commit 7ea55a0),stima dal grafico logs/aws/benchmark_job_1.png
aws_legacy,spark-core,job_1,flights_20,20,35.32,0.015,False,7.83,39043032,1,"AWS EMR, 1 primary + 2 core m5.xlarge",precedente alle correzioni (commit 7ea55a0),stima dal grafico logs/aws/benchmark_job_1.png
aws_legacy,spark-core,job_1,flights_50,50,39.11,0.015,False,12.05,97567553,1,"AWS EMR, 1 primary + 2 core m5.xlarge",precedente alle correzioni (commit 7ea55a0),stima dal grafico logs/aws/benchmark_job_1.png
aws_legacy,spark-core,job_1,flights_70,70,46.79,0.015,False,18.94,136570698,1,"AWS EMR, 1 primary + 2 core m5.xlarge",precedente alle correzioni (commit 7ea55a0),stima dal grafico logs/aws/benchmark_job_1.png
aws_legacy,spark-core,job_1,flights_cleaned,100,48.27,0.015,False,21.58,195081268,1,"AWS EMR, 1 primary + 2 core m5.xlarge",precedente alle correzioni (commit 7ea55a0),stima dal grafico logs/aws/benchmark_job_1.png
aws_legacy,spark-sql,job_1,flights_1,1,36.38,0.015,False,4.1,1964580,1,"AWS EMR, 1 primary + 2 core m5.xlarge",precedente alle correzioni (commit 7ea55a0),stima dal grafico logs/aws/benchmark_job_1.png
aws_legacy,spark-sql,job_1,flights_20,20,41.87,0.015,False,5.75,39043032,1,"AWS EMR, 1 primary + 2 core m5.xlarge",precedente alle correzioni (commit 7ea55a0),stima dal grafico logs/aws/benchmark_job_1.png
aws_legacy,spark-sql,job_1,flights_50,50,48.73,0.015,False,7.73,97567553,1,"AWS EMR, 1 primary + 2 core m5.xlarge",precedente alle correzioni (commit 7ea55a0),stima dal grafico logs/aws/benchmark_job_1.png
aws_legacy,spark-sql,job_1,flights_70,70,48.05,0.015,False,8.05,136570698,1,"AWS EMR, 1 primary + 2 core m5.xlarge",precedente alle correzioni (commit 7ea55a0),stima dal grafico logs/aws/benchmark_job_1.png
aws_legacy,spark-sql,job_1,flights_cleaned,100,52.41,0.015,False,9.63,195081268,1,"AWS EMR, 1 primary + 2 core m5.xlarge",precedente alle correzioni (commit 7ea55a0),stima dal grafico logs/aws/benchmark_job_1.png
aws_legacy,hive,job_1,flights_1,1,35.78,0.015,False,,1964580,1,"AWS EMR, 1 primary + 2 core m5.xlarge",precedente alle correzioni (commit 7ea55a0),stima dal grafico logs/aws/benchmark_job_1.png
aws_legacy,hive,job_1,flights_20,20,32.7,0.015,False,,39043032,1,"AWS EMR, 1 primary + 2 core m5.xlarge",precedente alle correzioni (commit 7ea55a0),stima dal grafico logs/aws/benchmark_job_1.png
aws_legacy,hive,job_1,flights_50,50,40.2,0.015,False,,97567553,1,"AWS EMR, 1 primary + 2 core m5.xlarge",precedente alle correzioni (commit 7ea55a0),stima dal grafico logs/aws/benchmark_job_1.png
aws_legacy,hive,job_1,flights_70,70,40.63,0.015,False,,136570698,1,"AWS EMR, 1 primary + 2 core m5.xlarge",precedente alle correzioni (commit 7ea55a0),stima dal grafico logs/aws/benchmark_job_1.png
aws_legacy,hive,job_1,flights_cleaned,100,43.08,0.015,False,,195081268,1,"AWS EMR, 1 primary + 2 core m5.xlarge",precedente alle correzioni (commit 7ea55a0),stima dal grafico logs/aws/benchmark_job_1.png
aws_legacy,spark-core,job_2,flights_1,1,27.95,0.023,False,2.24,1964580,1,"AWS EMR, 1 primary + 2 core m5.xlarge",precedente alle correzioni (commit 7ea55a0),stima dal grafico logs/aws/benchmark_job_2.png
aws_legacy,spark-core,job_2,flights_20,20,36.37,0.023,False,9.19,39043032,1,"AWS EMR, 1 primary + 2 core m5.xlarge",precedente alle correzioni (commit 7ea55a0),stima dal grafico logs/aws/benchmark_job_2.png
aws_legacy,spark-core,job_2,flights_50,50,41.12,0.023,False,14.8,97567553,1,"AWS EMR, 1 primary + 2 core m5.xlarge",precedente alle correzioni (commit 7ea55a0),stima dal grafico logs/aws/benchmark_job_2.png
aws_legacy,spark-core,job_2,flights_70,70,49.7,0.023,False,22.31,136570698,1,"AWS EMR, 1 primary + 2 core m5.xlarge",precedente alle correzioni (commit 7ea55a0),stima dal grafico logs/aws/benchmark_job_2.png
aws_legacy,spark-core,job_2,flights_cleaned,100,50.84,0.023,False,24.72,195081268,1,"AWS EMR, 1 primary + 2 core m5.xlarge",precedente alle correzioni (commit 7ea55a0),stima dal grafico logs/aws/benchmark_job_2.png
aws_legacy,spark-sql,job_2,flights_1,1,37.86,0.07,True,6.74,1964580,1,"AWS EMR, 1 primary + 2 core m5.xlarge",precedente alle correzioni (commit 7ea55a0),stima dal grafico logs/aws/benchmark_job_2.png
aws_legacy,spark-sql,job_2,flights_20,20,44.91,0.023,False,8.43,39043032,1,"AWS EMR, 1 primary + 2 core m5.xlarge",precedente alle correzioni (commit 7ea55a0),stima dal grafico logs/aws/benchmark_job_2.png
aws_legacy,spark-sql,job_2,flights_50,50,50.49,0.023,False,10.02,97567553,1,"AWS EMR, 1 primary + 2 core m5.xlarge",precedente alle correzioni (commit 7ea55a0),stima dal grafico logs/aws/benchmark_job_2.png
aws_legacy,spark-sql,job_2,flights_70,70,52.95,0.023,False,11.69,136570698,1,"AWS EMR, 1 primary + 2 core m5.xlarge",precedente alle correzioni (commit 7ea55a0),stima dal grafico logs/aws/benchmark_job_2.png
aws_legacy,spark-sql,job_2,flights_cleaned,100,59.09,0.023,False,13.7,195081268,1,"AWS EMR, 1 primary + 2 core m5.xlarge",precedente alle correzioni (commit 7ea55a0),stima dal grafico logs/aws/benchmark_job_2.png
aws_legacy,hive,job_2,flights_1,1,38.35,0.023,False,,1964580,1,"AWS EMR, 1 primary + 2 core m5.xlarge",precedente alle correzioni (commit 7ea55a0),stima dal grafico logs/aws/benchmark_job_2.png
aws_legacy,hive,job_2,flights_20,20,42.56,0.023,False,,39043032,1,"AWS EMR, 1 primary + 2 core m5.xlarge",precedente alle correzioni (commit 7ea55a0),stima dal grafico logs/aws/benchmark_job_2.png
aws_legacy,hive,job_2,flights_50,50,42.67,0.023,False,,97567553,1,"AWS EMR, 1 primary + 2 core m5.xlarge",precedente alle correzioni (commit 7ea55a0),stima dal grafico logs/aws/benchmark_job_2.png
aws_legacy,hive,job_2,flights_70,70,48.51,0.023,False,,136570698,1,"AWS EMR, 1 primary + 2 core m5.xlarge",precedente alle correzioni (commit 7ea55a0),stima dal grafico logs/aws/benchmark_job_2.png
aws_legacy,hive,job_2,flights_cleaned,100,54.0,0.023,False,,195081268,1,"AWS EMR, 1 primary + 2 core m5.xlarge",precedente alle correzioni (commit 7ea55a0),stima dal grafico logs/aws/benchmark_job_2.png
